,Img_Name,Label
0,01-05 10.15.27_2_crop_trans.jpg,Speed Limit 60
1,01-05 10.15.27_2_crop_trans_aug.jpg,Speed Limit 60
2,01-05 10.15.38_crop_trans.jpg,Speed Limit 40
3,01-05 10.15.38_crop_trans_aug.jpg,Speed Limit 40
4,01-07 11.34.55_crop_trans.jpg,Speed Limit 20
5,01-07 11.34.55_crop_trans_aug.jpg,Speed Limit 20
6,01-07 16.39.19_crop_trans.jpg,Speed Limit 40
7,01-07 16.39.19_crop_trans_aug.jpg,Speed Limit 40
8,01-09 01.46.39_crop_trans.jpg,Speed Limit 50
9,01-09 01.46.39_crop_trans_aug.jpg,Speed Limit 50
10,01-09 11.47.13_crop_trans.jpg,Speed Limit 40
11,01-09 11.47.13_crop_trans_aug.jpg,Speed Limit 40
12,01-09 14.53.32_crop_trans.jpg,Speed Limit 30
13,01-09 14.53.32_crop_trans_aug.jpg,Speed Limit 30
14,01-09 14.53.59_crop_trans.jpg,Speed Limit 30
15,01-09 14.53.59_crop_trans_aug.jpg,Speed Limit 30
16,01-09 15.05.21_crop_trans.jpg,Speed Limit 20
17,01-09 15.05.21_crop_trans_aug.jpg,Speed Limit 20
18,01-09 15.11.57_crop_trans.jpg,Speed Limit 20
19,01-09 15.11.57_crop_trans_aug.jpg,Speed Limit 20
20,01-09 15.18.29_crop_trans.jpg,Speed Limit 30
21,01-09 15.18.29_crop_trans_aug.jpg,Speed Limit 30
22,01-14 02.49.18_crop_trans.jpg,Speed Limit 30
23,01-14 02.49.18_crop_trans_aug.jpg,Speed Limit 30
24,01-14 04.30.02_crop_trans.jpg,Speed Limit 50
25,01-14 04.30.02_crop_trans_aug.jpg,Speed Limit 50
26,01-16 03.43.48_crop_trans.jpg,Speed Limit 80
27,01-16 03.43.48_crop_trans_aug.jpg,Speed Limit 80
28,01-16 03.49.26_crop_trans.jpg,Speed Limit 80
29,01-16 03.49.26_crop_trans_aug.jpg,Speed Limit 80
30,01-16 03.52.13_crop_trans.jpg,Speed Limit 50
31,01-16 03.52.13_crop_trans_aug.jpg,Speed Limit 50
32,01-16 04.01.36_crop_trans.jpg,Speed Limit 50
33,01-16 04.01.36_crop_trans_aug.jpg,Speed Limit 50
34,01-16 04.06.57_crop_trans.jpg,Speed Limit 50
35,01-16 04.06.57_crop_trans_aug.jpg,Speed Limit 50
36,01-18 01.15.08_crop_trans.jpg,Speed Limit 60
37,01-18 01.15.08_crop_trans_aug.jpg,Speed Limit 60
38,01-18 12.39.56_crop_trans.jpg,Speed Limit 40
39,01-18 12.39.56_crop_trans_aug.jpg,Speed Limit 40
40,01-20 01.00.30_crop_trans.jpg,Speed Limit 30
41,01-20 01.00.30_crop_trans_aug.jpg,Speed Limit 30
42,01-20 01.01.49_crop_trans.jpg,Speed Limit 30
43,01-20 01.01.49_crop_trans_aug.jpg,Speed Limit 30
44,01-20 01.04.03_crop_trans.jpg,Speed Limit 30
45,01-20 01.04.03_crop_trans_aug.jpg,Speed Limit 30
46,01-20 01.06.19_crop_trans.jpg,Speed Limit 20
47,01-20 01.06.19_crop_trans_aug.jpg,Speed Limit 20
48,01-20 01.25.33_crop_trans.jpg,Speed Limit 60
49,01-20 01.25.33_crop_trans_aug.jpg,Speed Limit 60
50,01-20 01.39.25_crop_trans.jpg,Speed Limit 40
51,01-20 01.39.25_crop_trans_aug.jpg,Speed Limit 40
52,01-20 02.03.32_crop_trans.jpg,Speed Limit 40
53,01-20 02.03.32_crop_trans_aug.jpg,Speed Limit 40
54,01-20 02.03.42_crop_trans.jpg,Speed Limit 30
55,01-20 02.03.42_crop_trans_aug.jpg,Speed Limit 30
56,01-20 02.04.10_crop_trans.jpg,Speed Limit 30
57,01-20 02.04.10_crop_trans_aug.jpg,Speed Limit 30
58,01-20 02.10.58_crop_trans.jpg,Speed Limit 40
59,01-20 02.10.58_crop_trans_aug.jpg,Speed Limit 40
60,01-20 03.53.51_crop_trans.jpg,Speed Limit 30
61,01-20 03.53.51_crop_trans_aug.jpg,Speed Limit 30
62,01-20 04.00.18_crop_trans.jpg,Speed Limit 30
63,01-20 04.00.18_crop_trans_aug.jpg,Speed Limit 30
64,01-21 04.16.30_crop_trans.jpg,Speed Limit 80
65,01-21 04.16.30_crop_trans_aug.jpg,Speed Limit 80
66,01-21 04.20.48_crop_trans.jpg,Speed Limit 20
67,01-21 04.20.48_crop_trans_aug.jpg,Speed Limit 20
68,01-21 04.21.05_crop_trans.jpg,Speed Limit 20
69,01-21 04.21.05_crop_trans_aug.jpg,Speed Limit 20
70,01-21 04.22.18_crop_trans.jpg,Speed Limit 20
71,01-21 04.22.18_crop_trans_aug.jpg,Speed Limit 20
72,01-21 09.55.16_crop_trans.jpg,Speed Limit 20
73,01-21 09.55.16_crop_trans_aug.jpg,Speed Limit 20
74,01-21 10.03.22_crop_trans.jpg,Speed Limit 20
75,01-21 10.03.22_crop_trans_aug.jpg,Speed Limit 20
76,01-21 10.22.57_crop_trans.jpg,Speed Limit 20
77,01-21 10.22.57_crop_trans_aug.jpg,Speed Limit 20
78,01-22 01.08.57_crop_trans.jpg,Speed Limit 20
79,01-22 01.08.57_crop_trans_aug.jpg,Speed Limit 20
80,01-22 01.09.09_crop_trans.jpg,Speed Limit 20
81,01-22 01.09.09_crop_trans_aug.jpg,Speed Limit 20
82,01-22 01.09.16_crop_trans.jpg,Speed Limit 20
83,01-22 01.09.16_crop_trans_aug.jpg,Speed Limit 20
84,01-22 01.09.43_crop_trans.jpg,Speed Limit 20
85,01-22 01.09.43_crop_trans_aug.jpg,Speed Limit 20
86,01-22 01.09.48_crop_trans.jpg,Speed Limit 20
87,01-22 01.09.48_crop_trans_aug.jpg,Speed Limit 20
88,01-22 01.10.16_crop_trans.jpg,Speed Limit 20
89,01-22 01.10.16_crop_trans_aug.jpg,Speed Limit 20
90,01-22 01.27.42_crop_trans.jpg,Speed Limit 80
91,01-22 01.27.42_crop_trans_aug.jpg,Speed Limit 80
92,01-22 03.25.01_crop_trans.jpg,Speed Limit 50
93,01-22 03.25.01_crop_trans_aug.jpg,Speed Limit 50
94,01-22 03.25.24_crop_trans.jpg,Speed Limit 80
95,01-22 03.25.24_crop_trans_aug.jpg,Speed Limit 80
96,01-22 04.34.20_crop_trans.jpg,Speed Limit 50
97,01-22 04.34.20_crop_trans_aug.jpg,Speed Limit 50
98,01-22 05.24.40_crop_trans.jpg,Speed Limit 50
99,01-22 05.24.40_crop_trans_aug.jpg,Speed Limit 50
100,01-22 05.25.01_crop_trans.jpg,Speed Limit 50
101,01-22 05.25.01_crop_trans_aug.jpg,Speed Limit 50
102,01-22 10.10.56_crop_trans.jpg,Speed Limit 50
103,01-22 10.10.56_crop_trans_aug.jpg,Speed Limit 50
104,01-22 10.31.42_crop_trans.jpg,Speed Limit 80
105,01-22 10.31.42_crop_trans_aug.jpg,Speed Limit 80
106,01-22 10.35.11_crop_trans.jpg,Speed Limit 80
107,01-22 10.35.11_crop_trans_aug.jpg,Speed Limit 80
108,01-22 10.36.09_crop_trans.jpg,Speed Limit 50
109,01-22 10.36.09_crop_trans_aug.jpg,Speed Limit 50
110,01-22 10.38.35_crop_trans.jpg,Speed Limit 50
111,01-22 10.38.35_crop_trans_aug.jpg,Speed Limit 50
112,01-22 10.38.44_crop_trans.jpg,Speed Limit 80
113,01-22 10.38.44_crop_trans_aug.jpg,Speed Limit 80
114,01-22 10.40.27_crop_trans.jpg,Speed Limit 50
115,01-22 10.40.27_crop_trans_aug.jpg,Speed Limit 50
116,01-22 11.00.52_crop_trans.jpg,Speed Limit 50
117,01-22 11.00.52_crop_trans_aug.jpg,Speed Limit 50
118,01-22 11.24.30_crop_trans.jpg,Speed Limit 80
119,01-22 11.24.30_crop_trans_aug.jpg,Speed Limit 80
120,01-22 11.33.26_crop_trans.jpg,Speed Limit 80
121,01-22 11.33.26_crop_trans_aug.jpg,Speed Limit 80
122,01-22 11.34.59_crop_trans.jpg,Speed Limit 50
123,01-22 11.34.59_crop_trans_aug.jpg,Speed Limit 50
124,01-22 12.11.49_crop_trans.jpg,Speed Limit 40
125,01-22 12.11.49_crop_trans_aug.jpg,Speed Limit 40
126,01-23 10.56.24_crop_trans.jpg,Speed Limit 20
127,01-23 10.56.24_crop_trans_aug.jpg,Speed Limit 20
128,01-24 01.08.35_crop_trans.jpg,Speed Limit 40
129,01-24 01.08.35_crop_trans_aug.jpg,Speed Limit 40
130,01-24 01.35.10_crop_trans.jpg,Speed Limit 20
131,01-24 01.35.10_crop_trans_aug.jpg,Speed Limit 20
132,01-24 04.45.32_crop_trans.jpg,Speed Limit 40
133,01-24 04.45.32_crop_trans_aug.jpg,Speed Limit 40
134,01-24 10.06.06_crop_trans.jpg,Speed Limit 30
135,01-24 10.06.06_crop_trans_aug.jpg,Speed Limit 30
136,01-24 12.10.03_crop_trans.jpg,Speed Limit 20
137,01-24 12.10.03_crop_trans_aug.jpg,Speed Limit 20
138,01-24 12.58.04_crop_trans.jpg,Speed Limit 30
139,01-24 12.58.04_crop_trans_aug.jpg,Speed Limit 30
140,01-25 05.35.00_crop_trans.jpg,Speed Limit 20
141,01-25 05.35.00_crop_trans_aug.jpg,Speed Limit 20
142,01-25 08.50.53_crop_trans.jpg,Speed Limit 20
143,01-25 08.50.53_crop_trans_aug.jpg,Speed Limit 20
144,01-25 11.36.20_crop_trans.jpg,Speed Limit 20
145,01-25 11.36.20_crop_trans_aug.jpg,Speed Limit 20
146,01-25 11.46.34_crop_trans.jpg,Speed Limit 30
147,01-25 11.46.34_crop_trans_aug.jpg,Speed Limit 30
148,01-25 11.49.04_crop_trans.jpg,Speed Limit 30
149,01-25 11.49.04_crop_trans_aug.jpg,Speed Limit 30
150,01-25 11.59.30_crop_trans.jpg,Speed Limit 20
151,01-25 11.59.30_crop_trans_aug.jpg,Speed Limit 20
152,01-26 02.33.56_crop_trans.jpg,Speed Limit 30
153,01-26 02.33.56_crop_trans_aug.jpg,Speed Limit 30
154,01-26 03.26.52_crop_trans.jpg,Speed Limit 40
155,01-26 03.26.52_crop_trans_aug.jpg,Speed Limit 40
156,01-27 01.06.38_crop_trans.jpg,Speed Limit 30
157,01-27 01.06.38_crop_trans_aug.jpg,Speed Limit 30
158,01-27 12.44.07_crop_trans.jpg,Speed Limit 80
159,01-27 12.44.07_crop_trans_aug.jpg,Speed Limit 80
160,01-27 12.59.04_crop_trans.jpg,Speed Limit 40
161,01-27 12.59.04_crop_trans_aug.jpg,Speed Limit 40
162,01-29 01.25.14_crop_trans.jpg,Speed Limit 40
163,01-29 01.25.14_crop_trans_aug.jpg,Speed Limit 40
164,01-29 01.27.11_crop_trans.jpg,Speed Limit 40
165,01-29 01.27.11_crop_trans_aug.jpg,Speed Limit 40
166,01-29 01.27.56_crop_trans.jpg,Speed Limit 40
167,01-29 01.27.56_crop_trans_aug.jpg,Speed Limit 40
168,01-29 01.30.14_crop_trans.jpg,Speed Limit 40
169,01-29 01.30.14_crop_trans_aug.jpg,Speed Limit 40
170,01-29 11.19.02_crop_trans.jpg,Speed Limit 40
171,01-29 11.19.02_crop_trans_aug.jpg,Speed Limit 40
172,01-29 11.20.03_crop_trans.jpg,Speed Limit 40
173,01-29 11.20.03_crop_trans_aug.jpg,Speed Limit 40
174,01-29 11.20.47_crop_trans.jpg,Speed Limit 40
175,01-29 11.20.47_crop_trans_aug.jpg,Speed Limit 40
176,01-29 11.27.23_crop_trans.jpg,Speed Limit 40
177,01-29 11.27.23_crop_trans_aug.jpg,Speed Limit 40
178,01-29 11.28.10_crop_trans.jpg,Speed Limit 40
179,01-29 11.28.10_crop_trans_aug.jpg,Speed Limit 40
180,01-29 11.28.34_crop_trans.jpg,Speed Limit 40
181,01-29 11.28.34_crop_trans_aug.jpg,Speed Limit 40
182,01-29 11.32.42_crop_trans.jpg,Speed Limit 30
183,01-29 11.32.42_crop_trans_aug.jpg,Speed Limit 30
184,01-29 12.46.03_crop_trans.jpg,Speed Limit 40
185,01-29 12.46.03_crop_trans_aug.jpg,Speed Limit 40
186,01-29 12.46.55_crop_trans.jpg,Speed Limit 40
187,01-29 12.46.55_crop_trans_aug.jpg,Speed Limit 40
188,01-29 12.48.08_crop_trans.jpg,Speed Limit 40
189,01-29 12.48.08_crop_trans_aug.jpg,Speed Limit 40
190,01-29 12.59.00_crop_trans.jpg,Speed Limit 40
191,01-29 12.59.00_crop_trans_aug.jpg,Speed Limit 40
192,01-30 01.35.11_crop_trans.jpg,Speed Limit 20
193,01-30 01.35.11_crop_trans_aug.jpg,Speed Limit 20
194,01-30 01.41.13_crop_trans.jpg,Speed Limit 30
195,01-30 01.41.13_crop_trans_aug.jpg,Speed Limit 30
196,01-30 03.23.58_crop_trans.jpg,Speed Limit 20
197,01-30 03.23.58_crop_trans_aug.jpg,Speed Limit 20
198,01-30 03.29.43_crop_trans.jpg,Speed Limit 20
199,01-30 03.29.43_crop_trans_aug.jpg,Speed Limit 20
200,01-30 12.01.22_crop_trans.jpg,Speed Limit 30
201,01-30 12.01.22_crop_trans_aug.jpg,Speed Limit 30
202,01-30 12.05.12_crop_trans.jpg,Speed Limit 30
203,01-30 12.05.12_crop_trans_aug.jpg,Speed Limit 30
204,02-07 05.20.19_crop_trans.jpg,Speed Limit 40
205,02-07 05.20.19_crop_trans_aug.jpg,Speed Limit 40
206,02-13 13.26.15_crop_trans.jpg,Speed Limit 40
207,02-13 13.26.15_crop_trans_aug.jpg,Speed Limit 40
208,02-13 14.16.03_crop_trans.jpg,Speed Limit 80
209,02-13 14.16.03_crop_trans_aug.jpg,Speed Limit 80
210,02-15 12.11.47_crop_trans.jpg,Speed Limit 30
211,02-15 12.11.47_crop_trans_aug.jpg,Speed Limit 30
212,02-15 12.12.14_crop_trans.jpg,Speed Limit 30
213,02-15 12.12.14_crop_trans_aug.jpg,Speed Limit 30
214,02-15 12.12.44_crop_trans.jpg,Speed Limit 30
215,02-15 12.12.44_crop_trans_aug.jpg,Speed Limit 30
216,02-15 12.14.39_crop_trans.jpg,Speed Limit 30
217,02-15 12.14.39_crop_trans_aug.jpg,Speed Limit 30
218,02-19 01.36.42_crop_trans.jpg,Speed Limit 30
219,02-19 01.36.42_crop_trans_aug.jpg,Speed Limit 30
220,02-19 01.41.51_crop_trans.jpg,Speed Limit 30
221,02-19 01.41.51_crop_trans_aug.jpg,Speed Limit 30
222,02-19 02.03.41_crop_trans.jpg,Speed Limit 40
223,02-19 02.03.41_crop_trans_aug.jpg,Speed Limit 40
224,02-19 10.55.41_crop_trans.jpg,Speed Limit 50
225,02-19 10.55.41_crop_trans_aug.jpg,Speed Limit 50
226,02-19 10.55.48_crop_trans.jpg,Speed Limit 20
227,02-19 10.55.48_crop_trans_aug.jpg,Speed Limit 20
228,02-20 01.32.05_crop_trans.jpg,Speed Limit 40
229,02-20 01.32.05_crop_trans_aug.jpg,Speed Limit 40
230,02-20 01.39.48_crop_trans.jpg,Speed Limit 40
231,02-20 01.39.48_crop_trans_aug.jpg,Speed Limit 40
232,02-20 01.50.53_crop_trans.jpg,Speed Limit 20
233,02-20 01.50.53_crop_trans_aug.jpg,Speed Limit 20
234,02-20 01.51.59_crop_trans.jpg,Speed Limit 20
235,02-20 01.51.59_crop_trans_aug.jpg,Speed Limit 20
236,02-20 02.14.57_crop_trans.jpg,Speed Limit 50
237,02-20 02.14.57_crop_trans_aug.jpg,Speed Limit 50
238,02-20 02.21.43_crop_trans.jpg,Speed Limit 80
239,02-20 02.21.43_crop_trans_aug.jpg,Speed Limit 80
240,02-20 02.58.18_crop_trans.jpg,Speed Limit 80
241,02-20 02.58.18_crop_trans_aug.jpg,Speed Limit 80
242,02-20 03.10.44_crop_trans.jpg,Speed Limit 30
243,02-20 03.10.44_crop_trans_aug.jpg,Speed Limit 30
244,02-20 09.49.17_crop_trans.jpg,Speed Limit 50
245,02-20 09.49.17_crop_trans_aug.jpg,Speed Limit 50
246,02-20 09.57.16_crop_trans.jpg,Speed Limit 80
247,02-20 09.57.16_crop_trans_aug.jpg,Speed Limit 80
248,02-20 09.58.43_crop_trans.jpg,Speed Limit 40
249,02-20 09.58.43_crop_trans_aug.jpg,Speed Limit 40
250,02-20 10.02.46_crop_trans.jpg,Speed Limit 80
251,02-20 10.02.46_crop_trans_aug.jpg,Speed Limit 80
252,02-21 02.24.38_crop_trans.jpg,Speed Limit 40
253,02-21 02.24.38_crop_trans_aug.jpg,Speed Limit 40
254,02-21 02.31.06_crop_trans.jpg,Speed Limit 40
255,02-21 02.31.06_crop_trans_aug.jpg,Speed Limit 40
256,02-21 04.23.53_crop_trans.jpg,Speed Limit 20
257,02-21 04.23.53_crop_trans_aug.jpg,Speed Limit 20
258,02-22 05.18.52_crop_trans.jpg,Speed Limit 50
259,02-22 05.18.52_crop_trans_aug.jpg,Speed Limit 50
260,02-22 05.39.45_crop_trans.jpg,Speed Limit 60
261,02-22 05.39.45_crop_trans_aug.jpg,Speed Limit 60
262,02-24 02.20.48_crop_trans.jpg,Speed Limit 40
263,02-24 02.20.48_crop_trans_aug.jpg,Speed Limit 40
264,02-24 02.22.11_crop_trans.jpg,Speed Limit 80
265,02-24 02.22.11_crop_trans_aug.jpg,Speed Limit 80
266,02-24 02.22.55_crop_trans.jpg,Speed Limit 80
267,02-24 02.22.55_crop_trans_aug.jpg,Speed Limit 80
268,02-24 02.23.39_crop_trans.jpg,Speed Limit 80
269,02-24 02.23.39_crop_trans_aug.jpg,Speed Limit 80
270,02-24 02.31.40_crop_trans.jpg,Speed Limit 80
271,02-24 02.31.40_crop_trans_aug.jpg,Speed Limit 80
272,02-24 02.44.29_crop_trans.jpg,Speed Limit 80
273,02-24 02.44.29_crop_trans_aug.jpg,Speed Limit 80
274,02-24 02.51.44_crop_trans.jpg,Speed Limit 40
275,02-24 02.51.44_crop_trans_aug.jpg,Speed Limit 40
276,02-24 02.53.52_crop_trans.jpg,Speed Limit 80
277,02-24 02.53.52_crop_trans_aug.jpg,Speed Limit 80
278,02-24 03.05.09_crop_trans.jpg,Speed Limit 80
279,02-24 03.05.09_crop_trans_aug.jpg,Speed Limit 80
280,02-24 04.15.31_crop_trans.jpg,Speed Limit 50
281,02-24 04.15.31_crop_trans_aug.jpg,Speed Limit 50
282,02-24 10.26.50_crop_trans.jpg,Speed Limit 30
283,02-24 10.26.50_crop_trans_aug.jpg,Speed Limit 30
284,02-24 11.18.29_crop_trans.jpg,Speed Limit 30
285,02-24 11.18.29_crop_trans_aug.jpg,Speed Limit 30
286,02-24 11.20.13_crop_trans.jpg,Speed Limit 30
287,02-24 11.20.13_crop_trans_aug.jpg,Speed Limit 30
288,02-24 11.38.58_crop_trans.jpg,Speed Limit 50
289,02-24 11.38.58_crop_trans_aug.jpg,Speed Limit 50
290,02-25 03.47.53_crop_trans.jpg,Speed Limit 30
291,02-25 03.47.53_crop_trans_aug.jpg,Speed Limit 30
292,02-25 10.16.30_crop_trans.jpg,Speed Limit 30
293,02-25 10.16.30_crop_trans_aug.jpg,Speed Limit 30
294,02-25 13.26.44_crop_trans.jpg,Speed Limit 80
295,02-25 13.26.44_crop_trans_aug.jpg,Speed Limit 80
296,02-25 13.28.48_crop_trans.jpg,Speed Limit 80
297,02-25 13.28.48_crop_trans_aug.jpg,Speed Limit 80
298,02-25 13.33.43_crop_trans.jpg,Speed Limit 50
299,02-25 13.33.43_crop_trans_aug.jpg,Speed Limit 50
300,02-25 13.37.16_crop_trans.jpg,Speed Limit 50
301,02-25 13.37.16_crop_trans_aug.jpg,Speed Limit 50
302,02-25 14.21.59_crop_trans.jpg,Speed Limit 50
303,02-25 14.21.59_crop_trans_aug.jpg,Speed Limit 50
304,02-25 14.25.06_crop_trans.jpg,Speed Limit 50
305,02-25 14.25.06_crop_trans_aug.jpg,Speed Limit 50
306,02-25 15.18.51_crop_trans.jpg,Speed Limit 50
307,02-25 15.18.51_crop_trans_aug.jpg,Speed Limit 50
308,02-25 15.26.11_crop_trans.jpg,Speed Limit 50
309,02-25 15.26.11_crop_trans_aug.jpg,Speed Limit 50
310,02-25 15.55.28_crop_trans.jpg,Speed Limit 50
311,02-25 15.55.28_crop_trans_aug.jpg,Speed Limit 50
312,02-25 15.56.50_crop_trans.jpg,Speed Limit 50
313,02-25 15.56.50_crop_trans_aug.jpg,Speed Limit 50
314,02-25 15.59.15_crop_trans.jpg,Speed Limit 50
315,02-25 15.59.15_crop_trans_aug.jpg,Speed Limit 50
316,02-25 16.00.13_crop_trans.jpg,Speed Limit 50
317,02-25 16.00.13_crop_trans_aug.jpg,Speed Limit 50
318,02-25 16.00.48_crop_trans.jpg,Speed Limit 50
319,02-25 16.00.48_crop_trans_aug.jpg,Speed Limit 50
320,02-25 16.02.16_crop_trans.jpg,Speed Limit 50
321,02-25 16.02.16_crop_trans_aug.jpg,Speed Limit 50
322,02-25 16.02.59_crop_trans.jpg,Speed Limit 50
323,02-25 16.02.59_crop_trans_aug.jpg,Speed Limit 50
324,02-25 16.04.45_crop_trans.jpg,Speed Limit 50
325,02-25 16.04.45_crop_trans_aug.jpg,Speed Limit 50
326,02-25 16.05.21_crop_trans.jpg,Speed Limit 50
327,02-25 16.05.21_crop_trans_aug.jpg,Speed Limit 50
328,02-25 16.06.01_crop_trans.jpg,Speed Limit 50
329,02-25 16.06.01_crop_trans_aug.jpg,Speed Limit 50
330,02-25 16.07.30_crop_trans.jpg,Speed Limit 50
331,02-25 16.07.30_crop_trans_aug.jpg,Speed Limit 50
332,02-25 16.15.24_crop_trans.jpg,Speed Limit 50
333,02-25 16.15.24_crop_trans_aug.jpg,Speed Limit 50
334,02-25 16.18.27_crop_trans.jpg,Speed Limit 50
335,02-25 16.18.27_crop_trans_aug.jpg,Speed Limit 50
336,02-25 16.18.51_crop_trans.jpg,Speed Limit 50
337,02-25 16.18.51_crop_trans_aug.jpg,Speed Limit 50
338,02-25 16.25.54_crop_trans.jpg,Speed Limit 50
339,02-25 16.25.54_crop_trans_aug.jpg,Speed Limit 50
340,03-01 09.55.18_crop_trans.jpg,Speed Limit 40
341,03-01 09.55.18_crop_trans_aug.jpg,Speed Limit 40
342,03-01 09.56.37_crop_trans.jpg,Speed Limit 30
343,03-01 09.56.37_crop_trans_aug.jpg,Speed Limit 30
344,03-01 10.00.48_crop_trans.jpg,Speed Limit 30
345,03-01 10.00.48_crop_trans_aug.jpg,Speed Limit 30
346,03-01 10.01.26_crop_trans.jpg,Speed Limit 30
347,03-01 10.01.26_crop_trans_aug.jpg,Speed Limit 30
348,03-01 10.02.30_crop_trans.jpg,Speed Limit 30
349,03-01 10.02.30_crop_trans_aug.jpg,Speed Limit 30
350,03-01 10.02.57_crop_trans.jpg,Speed Limit 40
351,03-01 10.02.57_crop_trans_aug.jpg,Speed Limit 40
352,03-01 10.12.28_crop_trans.jpg,Speed Limit 40
353,03-01 10.12.28_crop_trans_aug.jpg,Speed Limit 40
354,03-02 01.13.30_crop_trans.jpg,Speed Limit 80
355,03-02 01.13.30_crop_trans_aug.jpg,Speed Limit 80
356,03-02 03.01.17_crop_trans.jpg,Speed Limit 80
357,03-02 03.01.17_crop_trans_aug.jpg,Speed Limit 80
358,03-02 03.04.05_crop_trans.jpg,Speed Limit 80
359,03-02 03.04.05_crop_trans_aug.jpg,Speed Limit 80
360,03-02 04.05.46_crop_trans.jpg,Speed Limit 80
361,03-02 04.05.46_crop_trans_aug.jpg,Speed Limit 80
362,03-02 04.11.27_crop_trans.jpg,Speed Limit 80
363,03-02 04.11.27_crop_trans_aug.jpg,Speed Limit 80
364,03-02 04.44.41_crop_trans.jpg,Speed Limit 80
365,03-02 04.44.41_crop_trans_aug.jpg,Speed Limit 80
366,03-02 04.49.36_crop_trans.jpg,Speed Limit 80
367,03-02 04.49.36_crop_trans_aug.jpg,Speed Limit 80
368,03-02 04.52.24_crop_trans.jpg,Speed Limit 80
369,03-02 04.52.24_crop_trans_aug.jpg,Speed Limit 80
370,03-02 04.56.09_crop_trans.jpg,Speed Limit 40
371,03-02 04.56.09_crop_trans_aug.jpg,Speed Limit 40
372,03-02 04.58.38_crop_trans.jpg,Speed Limit 80
373,03-02 04.58.38_crop_trans_aug.jpg,Speed Limit 80
374,03-02 04.59.29_crop_trans.jpg,Speed Limit 80
375,03-02 04.59.29_crop_trans_aug.jpg,Speed Limit 80
376,03-02 05.47.25_crop_trans.jpg,Speed Limit 40
377,03-02 05.47.25_crop_trans_aug.jpg,Speed Limit 40
378,03-03 01.21.30_crop_trans.jpg,Speed Limit 30
379,03-03 01.21.30_crop_trans_aug.jpg,Speed Limit 30
380,03-03 09.43.21_crop_trans.jpg,Speed Limit 40
381,03-03 09.43.21_crop_trans_aug.jpg,Speed Limit 40
382,03-03 09.43.30_crop_trans.jpg,Speed Limit 80
383,03-03 09.43.30_crop_trans_aug.jpg,Speed Limit 80
384,03-03 11.22.57_crop_trans.jpg,Speed Limit 50
385,03-03 11.22.57_crop_trans_aug.jpg,Speed Limit 50
386,03-03 11.23.16_crop_trans.jpg,Speed Limit 50
387,03-03 11.23.16_crop_trans_aug.jpg,Speed Limit 50
388,03-03 11.29.02_crop_trans.jpg,Speed Limit 40
389,03-03 11.29.02_crop_trans_aug.jpg,Speed Limit 40
390,03-03 11.37.32_crop_trans.jpg,Speed Limit 40
391,03-03 11.37.32_crop_trans_aug.jpg,Speed Limit 40
392,03-04 10.34.28_crop_trans.jpg,Speed Limit 30
393,03-04 10.34.28_crop_trans_aug.jpg,Speed Limit 30
394,03-04 10.36.14_crop_trans.jpg,Speed Limit 30
395,03-04 10.36.14_crop_trans_aug.jpg,Speed Limit 30
396,03-04 10.47.36_crop_trans.jpg,Speed Limit 30
397,03-04 10.47.36_crop_trans_aug.jpg,Speed Limit 30
398,03-04 11.00.46_crop_trans.jpg,Speed Limit 40
399,03-04 11.00.46_crop_trans_aug.jpg,Speed Limit 40
400,03-04 11.04.41_crop_trans.jpg,Speed Limit 40
401,03-04 11.04.41_crop_trans_aug.jpg,Speed Limit 40
402,03-04 11.15.23_crop_trans.jpg,Speed Limit 40
403,03-04 11.15.23_crop_trans_aug.jpg,Speed Limit 40
404,03-04 11.22.28_crop_trans.jpg,Speed Limit 40
405,03-04 11.22.28_crop_trans_aug.jpg,Speed Limit 40
406,03-05 01.12.26_crop_trans.jpg,Speed Limit 60
407,03-05 01.12.26_crop_trans_aug.jpg,Speed Limit 60
408,03-05 02.27.40_crop_trans.jpg,Speed Limit 60
409,03-05 02.27.40_crop_trans_aug.jpg,Speed Limit 60
410,03-06 03.14.18_crop_trans.jpg,Speed Limit 20
411,03-06 03.14.18_crop_trans_aug.jpg,Speed Limit 20
412,03-06 10.32.23_crop_trans.jpg,Speed Limit 20
413,03-06 10.32.23_crop_trans_aug.jpg,Speed Limit 20
414,03-06 10.41.29_crop_trans.jpg,Speed Limit 40
415,03-06 10.41.29_crop_trans_aug.jpg,Speed Limit 40
416,03-06 10.42.49_crop_trans.jpg,Speed Limit 40
417,03-06 10.42.49_crop_trans_aug.jpg,Speed Limit 40
418,03-06 10.54.44_crop_trans.jpg,Speed Limit 40
419,03-06 10.54.44_crop_trans_aug.jpg,Speed Limit 40
420,03-06 12.18.30_crop_trans.jpg,Speed Limit 20
421,03-06 12.18.30_crop_trans_aug.jpg,Speed Limit 20
422,03-06 12.43.56_crop_trans.jpg,Speed Limit 40
423,03-06 12.43.56_crop_trans_aug.jpg,Speed Limit 40
424,03-07 02.42.09_crop_trans.jpg,Speed Limit 40
425,03-07 02.42.09_crop_trans_aug.jpg,Speed Limit 40
426,03-07 03.56.52_crop_trans.jpg,Speed Limit 30
427,03-07 03.56.52_crop_trans_aug.jpg,Speed Limit 30
428,03-07 04.04.12_crop_trans.jpg,Speed Limit 30
429,03-07 04.04.12_crop_trans_aug.jpg,Speed Limit 30
430,03-08 01.14.55_crop_trans.jpg,Speed Limit 40
431,03-08 01.14.55_crop_trans_aug.jpg,Speed Limit 40
432,03-08 01.47.53_crop_trans.jpg,Speed Limit 20
433,03-08 01.47.53_crop_trans_aug.jpg,Speed Limit 20
434,03-08 04.10.36_crop_trans.jpg,Speed Limit 40
435,03-08 04.10.36_crop_trans_aug.jpg,Speed Limit 40
436,03-08 11.41.27_crop_trans.jpg,Speed Limit 30
437,03-08 11.41.27_crop_trans_aug.jpg,Speed Limit 30
438,03-09 04.19.13_crop_trans.jpg,Speed Limit 20
439,03-09 04.19.13_crop_trans_aug.jpg,Speed Limit 20
440,03-10 03.15.59_crop_trans.jpg,Speed Limit 60
441,03-10 03.15.59_crop_trans_aug.jpg,Speed Limit 60
442,03-10 03.24.52_crop_trans.jpg,Speed Limit 60
443,03-10 03.24.52_crop_trans_aug.jpg,Speed Limit 60
444,03-10 03.25.29_crop_trans.jpg,Speed Limit 60
445,03-10 03.25.29_crop_trans_aug.jpg,Speed Limit 60
446,03-10 03.27.27_crop_trans.jpg,Speed Limit 60
447,03-10 03.27.27_crop_trans_aug.jpg,Speed Limit 60
448,03-10 10.20.17_crop_trans.jpg,Speed Limit 40
449,03-10 10.20.17_crop_trans_aug.jpg,Speed Limit 40
450,03-11 11.26.16_crop_trans.jpg,Speed Limit 80
451,03-11 11.26.16_crop_trans_aug.jpg,Speed Limit 80
452,03-11 11.33.03_crop_trans.jpg,Speed Limit 40
453,03-11 11.33.03_crop_trans_aug.jpg,Speed Limit 40
454,03-11 11.35.48_crop_trans.jpg,Speed Limit 80
455,03-11 11.35.48_crop_trans_aug.jpg,Speed Limit 80
456,03-15 02.15.16_crop_trans.jpg,Speed Limit 50
457,03-15 02.15.16_crop_trans_aug.jpg,Speed Limit 50
458,03-15 02.27.33_crop_trans.jpg,Speed Limit 40
459,03-15 02.27.33_crop_trans_aug.jpg,Speed Limit 40
460,03-15 03.10.05_crop_trans.jpg,Speed Limit 50
461,03-15 03.10.05_crop_trans_aug.jpg,Speed Limit 50
462,03-15 03.30.19_crop_trans.jpg,Speed Limit 30
463,03-15 03.30.19_crop_trans_aug.jpg,Speed Limit 30
464,03-15 04.05.03_crop_trans.jpg,Speed Limit 50
465,03-15 04.05.03_crop_trans_aug.jpg,Speed Limit 50
466,03-15 04.16.11_crop_trans.jpg,Speed Limit 50
467,03-15 04.16.11_crop_trans_aug.jpg,Speed Limit 50
468,03-15 06.09.38_crop_trans.jpg,Speed Limit 40
469,03-15 06.09.38_crop_trans_aug.jpg,Speed Limit 40
470,03-15 12.24.17_crop_trans.jpg,Speed Limit 50
471,03-15 12.24.17_crop_trans_aug.jpg,Speed Limit 50
472,03-15 12.54.56_crop_trans.jpg,Speed Limit 30
473,03-15 12.54.56_crop_trans_aug.jpg,Speed Limit 30
474,03-15 12.59.54_crop_trans.jpg,Speed Limit 40
475,03-15 12.59.54_crop_trans_aug.jpg,Speed Limit 40
476,03-16 04.36.51_crop_trans.jpg,Speed Limit 20
477,03-16 04.36.51_crop_trans_aug.jpg,Speed Limit 20
478,03-17 01.22.09_crop_trans.jpg,Speed Limit 20
479,03-17 01.22.09_crop_trans_aug.jpg,Speed Limit 20
480,03-17 02.16.15_crop_trans.jpg,Speed Limit 30
481,03-17 02.16.15_crop_trans_aug.jpg,Speed Limit 30
482,03-17 02.28.46_crop_trans.jpg,Speed Limit 20
483,03-17 02.28.46_crop_trans_aug.jpg,Speed Limit 20
484,03-17 02.43.17_crop_trans.jpg,Speed Limit 20
485,03-17 02.43.17_crop_trans_aug.jpg,Speed Limit 20
486,03-17 02.45.19_crop_trans.jpg,Speed Limit 20
487,03-17 02.45.19_crop_trans_aug.jpg,Speed Limit 20
488,03-17 02.46.31_crop_trans.jpg,Speed Limit 30
489,03-17 02.46.31_crop_trans_aug.jpg,Speed Limit 30
490,03-17 03.07.40_crop_trans.jpg,Speed Limit 20
491,03-17 03.07.40_crop_trans_aug.jpg,Speed Limit 20
492,03-17 03.24.24_crop_trans.jpg,Speed Limit 20
493,03-17 03.24.24_crop_trans_aug.jpg,Speed Limit 20
494,03-17 04.08.44_crop_trans.jpg,Speed Limit 20
495,03-17 04.08.44_crop_trans_aug.jpg,Speed Limit 20
496,03-17 11.34.31_crop_trans.jpg,Speed Limit 20
497,03-17 11.34.31_crop_trans_aug.jpg,Speed Limit 20
498,03-17 11.38.08_crop_trans.jpg,Speed Limit 20
499,03-17 11.38.08_crop_trans_aug.jpg,Speed Limit 20
500,03-17 11.48.45_crop_trans.jpg,Speed Limit 20
501,03-17 11.48.45_crop_trans_aug.jpg,Speed Limit 20
502,03-17 11.51.45_crop_trans.jpg,Speed Limit 20
503,03-17 11.51.45_crop_trans_aug.jpg,Speed Limit 20
504,03-17 12.26.02_crop_trans.jpg,Speed Limit 20
505,03-17 12.26.02_crop_trans_aug.jpg,Speed Limit 20
506,03-17 12.26.21_crop_trans.jpg,Speed Limit 20
507,03-17 12.26.21_crop_trans_aug.jpg,Speed Limit 20
508,03-17 12.27.13_crop_trans.jpg,Speed Limit 20
509,03-17 12.27.13_crop_trans_aug.jpg,Speed Limit 20
510,03-17 12.28.19_crop_trans.jpg,Speed Limit 20
511,03-17 12.28.19_crop_trans_aug.jpg,Speed Limit 20
512,03-17 12.28.47_crop_trans.jpg,Speed Limit 20
513,03-17 12.28.47_crop_trans_aug.jpg,Speed Limit 20
514,03-17 12.28.57_crop_trans.jpg,Speed Limit 20
515,03-17 12.28.57_crop_trans_aug.jpg,Speed Limit 20
516,03-17 12.29.07_crop_trans.jpg,Speed Limit 20
517,03-17 12.29.07_crop_trans_aug.jpg,Speed Limit 20
518,03-17 12.35.34_crop_trans.jpg,Speed Limit 30
519,03-17 12.35.34_crop_trans_aug.jpg,Speed Limit 30
520,03-29 11.24.42_crop_trans.jpg,Speed Limit 20
521,03-29 11.24.42_crop_trans_aug.jpg,Speed Limit 20
522,03-29 12.01.09_crop_trans.jpg,Speed Limit 30
523,03-29 12.01.09_crop_trans_aug.jpg,Speed Limit 30
524,03-29 12.13.20_crop_trans.jpg,Speed Limit 50
525,03-29 12.13.20_crop_trans_aug.jpg,Speed Limit 50
526,03-29 12.19.42_crop_trans.jpg,Speed Limit 50
527,03-29 12.19.42_crop_trans_aug.jpg,Speed Limit 50
528,03-29 12.20.58_crop_trans.jpg,Speed Limit 50
529,03-29 12.20.58_crop_trans_aug.jpg,Speed Limit 50
530,04-04 12.11.52_crop_trans.jpg,Speed Limit 30
531,04-04 12.11.52_crop_trans_aug.jpg,Speed Limit 30
532,04-04 12.40.30_crop_trans.jpg,Speed Limit 30
533,04-04 12.40.30_crop_trans_aug.jpg,Speed Limit 30
534,04-04 12.46.06_crop_trans.jpg,Speed Limit 30
535,04-04 12.46.06_crop_trans_aug.jpg,Speed Limit 30
536,04-05 03.31.03_crop_trans.jpg,Speed Limit 20
537,04-05 03.31.03_crop_trans_aug.jpg,Speed Limit 20
538,04-17 01.40.44_crop_trans.jpg,Speed Limit 40
539,04-17 01.40.44_crop_trans_aug.jpg,Speed Limit 40
540,04-17 05.00.20_crop_trans.jpg,Speed Limit 30
541,04-17 05.00.20_crop_trans_aug.jpg,Speed Limit 30
542,04-17 05.02.40_crop_trans.jpg,Speed Limit 30
543,04-17 05.02.40_crop_trans_aug.jpg,Speed Limit 30
544,04-17 05.04.56_crop_trans.jpg,Speed Limit 30
545,04-17 05.04.56_crop_trans_aug.jpg,Speed Limit 30
546,04-17 05.29.12_crop_trans.jpg,Speed Limit 40
547,04-17 05.29.12_crop_trans_aug.jpg,Speed Limit 40
548,04-17 05.30.55_crop_trans.jpg,Speed Limit 40
549,04-17 05.30.55_crop_trans_aug.jpg,Speed Limit 40
550,04-17 05.31.31_crop_trans.jpg,Speed Limit 40
551,04-17 05.31.31_crop_trans_aug.jpg,Speed Limit 40
552,04-17 05.36.02_crop_trans.jpg,Speed Limit 40
553,04-17 05.36.02_crop_trans_aug.jpg,Speed Limit 40
554,04-17 05.39.00_crop_trans.jpg,Speed Limit 40
555,04-17 05.39.00_crop_trans_aug.jpg,Speed Limit 40
556,04-17 05.44.17_crop_trans.jpg,Speed Limit 40
557,04-17 05.44.17_crop_trans_aug.jpg,Speed Limit 40
558,04-24 04.20.38_crop_trans.jpg,Speed Limit 40
559,04-24 04.20.38_crop_trans_aug.jpg,Speed Limit 40
560,04-29 09.20.21_crop_trans.jpg,Speed Limit 40
561,04-29 09.20.21_crop_trans_aug.jpg,Speed Limit 40
562,04-29 11.59.39_crop_trans.jpg,Speed Limit 40
563,04-29 11.59.39_crop_trans_aug.jpg,Speed Limit 40
564,04-29 13.27.31_crop_trans.jpg,Speed Limit 40
565,04-29 13.27.31_crop_trans_aug.jpg,Speed Limit 40
566,04-29 13.29.03_crop_trans.jpg,Speed Limit 40
567,04-29 13.29.03_crop_trans_aug.jpg,Speed Limit 40
568,04-29 13.31.12_crop_trans.jpg,Speed Limit 40
569,04-29 13.31.12_crop_trans_aug.jpg,Speed Limit 40
570,04-29 13.32.44_crop_trans.jpg,Speed Limit 40
571,04-29 13.32.44_crop_trans_aug.jpg,Speed Limit 40
572,04-29 13.34.07_crop_trans.jpg,Speed Limit 40
573,04-29 13.34.07_crop_trans_aug.jpg,Speed Limit 40
574,04-29 13.54.13_crop_trans.jpg,Speed Limit 40
575,04-29 13.54.13_crop_trans_aug.jpg,Speed Limit 40
576,04-29 13.56.25_crop_trans.jpg,Speed Limit 40
577,04-29 13.56.25_crop_trans_aug.jpg,Speed Limit 40
578,05-01 12.06.47_crop_trans.jpg,Speed Limit 40
579,05-01 12.06.47_crop_trans_aug.jpg,Speed Limit 40
580,05-01 12.07.41_crop_trans.jpg,Speed Limit 40
581,05-01 12.07.41_crop_trans_aug.jpg,Speed Limit 40
582,05-01 12.28.20_crop_trans.jpg,Speed Limit 50
583,05-01 12.28.20_crop_trans_aug.jpg,Speed Limit 50
584,05-02 14.42.56_crop_trans.jpg,Speed Limit 30
585,05-02 14.42.56_crop_trans_aug.jpg,Speed Limit 30
586,05-02 14.44.06_crop_trans.jpg,Speed Limit 30
587,05-02 14.44.06_crop_trans_aug.jpg,Speed Limit 30
588,05-02 14.44.25_crop_trans.jpg,Speed Limit 30
589,05-02 14.44.25_crop_trans_aug.jpg,Speed Limit 30
590,05-02 16.12.37_crop_trans.jpg,Speed Limit 30
591,05-02 16.12.37_crop_trans_aug.jpg,Speed Limit 30
592,05-02 18.07.09_crop_trans.jpg,Speed Limit 30
593,05-02 18.07.09_crop_trans_aug.jpg,Speed Limit 30
594,05-03 12.29.23_crop_trans.jpg,Speed Limit 40
595,05-03 12.29.23_crop_trans_aug.jpg,Speed Limit 40
596,05-08 11.34.00_crop_trans.jpg,Speed Limit 30
597,05-08 11.34.00_crop_trans_aug.jpg,Speed Limit 30
598,05-08 11.36.35_crop_trans.jpg,Speed Limit 30
599,05-08 11.36.35_crop_trans_aug.jpg,Speed Limit 30
600,05-08 11.41.06_crop_trans.jpg,Speed Limit 30
601,05-08 11.41.06_crop_trans_aug.jpg,Speed Limit 30
602,05-08 11.41.08_crop_trans.jpg,Speed Limit 40
603,05-08 11.41.08_crop_trans_aug.jpg,Speed Limit 40
604,05-08 13.43.45_crop_trans.jpg,Speed Limit 50
605,05-08 13.43.45_crop_trans_aug.jpg,Speed Limit 50
606,05-08 13.57.02_crop_trans.jpg,Speed Limit 40
607,05-08 13.57.02_crop_trans_aug.jpg,Speed Limit 40
608,05-08 13.58.27_crop_trans.jpg,Speed Limit 40
609,05-08 13.58.27_crop_trans_aug.jpg,Speed Limit 40
610,05-08 14.01.25_crop_trans.jpg,Speed Limit 40
611,05-08 14.01.25_crop_trans_aug.jpg,Speed Limit 40
612,05-08 14.06.56_crop_trans.jpg,Speed Limit 40
613,05-08 14.06.56_crop_trans_aug.jpg,Speed Limit 40
614,05-09 08.07.07_crop_trans.jpg,Speed Limit 20
615,05-09 08.07.07_crop_trans_aug.jpg,Speed Limit 20
616,05-09 09.26.44_crop_trans.jpg,Speed Limit 30
617,05-09 09.26.44_crop_trans_aug.jpg,Speed Limit 30
618,05-09 09.31.53_crop_trans.jpg,Speed Limit 30
619,05-09 09.31.53_crop_trans_aug.jpg,Speed Limit 30
620,05-09 10.52.39_crop_trans.jpg,Speed Limit 40
621,05-09 10.52.39_crop_trans_aug.jpg,Speed Limit 40
622,05-09 12.27.15_crop_trans.jpg,Speed Limit 50
623,05-09 12.27.15_crop_trans_aug.jpg,Speed Limit 50
624,05-09 12.41.59_crop_trans.jpg,Speed Limit 40
625,05-09 12.41.59_crop_trans_aug.jpg,Speed Limit 40
626,05-09 12.48.39_crop_trans.jpg,Speed Limit 40
627,05-09 12.48.39_crop_trans_aug.jpg,Speed Limit 40
628,05-11 14.50.00_crop_trans.jpg,Speed Limit 30
629,05-11 14.50.00_crop_trans_aug.jpg,Speed Limit 30
630,05-11 14.51.33_crop_trans.jpg,Speed Limit 30
631,05-11 14.51.33_crop_trans_aug.jpg,Speed Limit 30
632,05-11 14.57.57_crop_trans.jpg,Speed Limit 30
633,05-11 14.57.57_crop_trans_aug.jpg,Speed Limit 30
634,05-11 15.31.29_crop_trans.jpg,Speed Limit 30
635,05-11 15.31.29_crop_trans_aug.jpg,Speed Limit 30
636,05-11 15.56.33_crop_trans.jpg,Speed Limit 40
637,05-11 15.56.33_crop_trans_aug.jpg,Speed Limit 40
638,05-11 16.04.43_crop_trans.jpg,Speed Limit 40
639,05-11 16.04.43_crop_trans_aug.jpg,Speed Limit 40
640,05-11 16.07.30_crop_trans.jpg,Speed Limit 40
641,05-11 16.07.30_crop_trans_aug.jpg,Speed Limit 40
642,05-11 16.08.30_crop_trans.jpg,Speed Limit 20
643,05-11 16.08.30_crop_trans_aug.jpg,Speed Limit 20
644,05-11 16.12.50_crop_trans.jpg,Speed Limit 30
645,05-11 16.12.50_crop_trans_aug.jpg,Speed Limit 30
646,05-11 16.17.40_crop_trans.jpg,Speed Limit 40
647,05-11 16.17.40_crop_trans_aug.jpg,Speed Limit 40
648,05-11 16.21.51_crop_trans.jpg,Speed Limit 40
649,05-11 16.21.51_crop_trans_aug.jpg,Speed Limit 40
650,05-12 12.00.05_crop_trans.jpg,Speed Limit 40
651,05-12 12.00.05_crop_trans_aug.jpg,Speed Limit 40
652,05-12 12.00.58_crop_trans.jpg,Speed Limit 40
653,05-12 12.00.58_crop_trans_aug.jpg,Speed Limit 40
654,05-12 12.07.24_crop_trans.jpg,Speed Limit 40
655,05-12 12.07.24_crop_trans_aug.jpg,Speed Limit 40
656,05-19 11.45.56_crop_trans.jpg,Speed Limit 20
657,05-19 11.45.56_crop_trans_aug.jpg,Speed Limit 20
658,05-19 13.43.50_crop_trans.jpg,Speed Limit 60
659,05-19 13.43.50_crop_trans_aug.jpg,Speed Limit 60
660,05-19 13.45.38_crop_trans.jpg,Speed Limit 40
661,05-19 13.45.38_crop_trans_aug.jpg,Speed Limit 40
662,05-19 16.57.21_crop_trans.jpg,Speed Limit 20
663,05-19 16.57.21_crop_trans_aug.jpg,Speed Limit 20
664,05-19 17.56.40_crop_trans.jpg,Speed Limit 60
665,05-19 17.56.40_crop_trans_aug.jpg,Speed Limit 60
666,05-19 17.59.05_crop_trans.jpg,Speed Limit 60
667,05-19 17.59.05_crop_trans_aug.jpg,Speed Limit 60
668,05-19 18.02.20_crop_trans.jpg,Speed Limit 60
669,05-19 18.02.20_crop_trans_aug.jpg,Speed Limit 60
670,05-20 08.48.06_crop_trans.jpg,Speed Limit 60
671,05-20 08.48.06_crop_trans_aug.jpg,Speed Limit 60
672,05-20 09.16.38_crop_trans.jpg,Speed Limit 80
673,05-20 09.16.38_crop_trans_aug.jpg,Speed Limit 80
674,05-20 09.24.05_crop_trans.jpg,Speed Limit 40
675,05-20 09.24.05_crop_trans_aug.jpg,Speed Limit 40
676,05-20 09.24.16_crop_trans.jpg,Speed Limit 20
677,05-20 09.24.16_crop_trans_aug.jpg,Speed Limit 20
678,05-20 10.34.43_crop_trans.jpg,Speed Limit 80
679,05-20 10.34.43_crop_trans_aug.jpg,Speed Limit 80
680,05-20 11.21.39_crop_trans.jpg,Speed Limit 40
681,05-20 11.21.39_crop_trans_aug.jpg,Speed Limit 40
682,05-20 11.25.28_crop_trans.jpg,Speed Limit 40
683,05-20 11.25.28_crop_trans_aug.jpg,Speed Limit 40
684,05-20 11.26.15_crop_trans.jpg,Speed Limit 60
685,05-20 11.26.15_crop_trans_aug.jpg,Speed Limit 60
686,05-20 12.40.49_crop_trans.jpg,Speed Limit 30
687,05-20 12.40.49_crop_trans_aug.jpg,Speed Limit 30
688,05-20 12.56.23_crop_trans.jpg,Speed Limit 30
689,05-20 12.56.23_crop_trans_aug.jpg,Speed Limit 30
690,05-20 13.34.23_crop_trans.jpg,Speed Limit 20
691,05-20 13.34.23_crop_trans_aug.jpg,Speed Limit 20
692,05-27 14.32.00_crop_trans.jpg,Speed Limit 20
693,05-27 14.32.00_crop_trans_aug.jpg,Speed Limit 20
694,05-28 09.59.59_crop_trans.jpg,Speed Limit 50
695,05-28 09.59.59_crop_trans_aug.jpg,Speed Limit 50
696,05-28 10.02.48_crop_trans.jpg,Speed Limit 50
697,05-28 10.02.48_crop_trans_aug.jpg,Speed Limit 50
698,05-28 10.41.18_crop_trans.jpg,Speed Limit 50
699,05-28 10.41.18_crop_trans_aug.jpg,Speed Limit 50
700,05-28 10.47.03_crop_trans.jpg,Speed Limit 50
701,05-28 10.47.03_crop_trans_aug.jpg,Speed Limit 50
702,05-28 11.21.13_crop_trans.jpg,Speed Limit 20
703,05-28 11.21.13_crop_trans_aug.jpg,Speed Limit 20
704,05-28 13.14.38_crop_trans.jpg,Speed Limit 50
705,05-28 13.14.38_crop_trans_aug.jpg,Speed Limit 50
706,05-28 13.21.45_crop_trans.jpg,Speed Limit 50
707,05-28 13.21.45_crop_trans_aug.jpg,Speed Limit 50
708,05-28 13.27.21_crop_trans.jpg,Speed Limit 50
709,05-28 13.27.21_crop_trans_aug.jpg,Speed Limit 50
710,05-28 13.28.05_crop_trans.jpg,Speed Limit 50
711,05-28 13.28.05_crop_trans_aug.jpg,Speed Limit 50
712,06-04 15.05.35_crop_trans.jpg,Speed Limit 60
713,06-04 15.05.35_crop_trans_aug.jpg,Speed Limit 60
714,06-04 15.05.40_crop_trans.jpg,Speed Limit 60
715,06-04 15.05.40_crop_trans_aug.jpg,Speed Limit 60
716,06-04 15.06.03_crop_trans.jpg,Speed Limit 60
717,06-04 15.06.03_crop_trans_aug.jpg,Speed Limit 60
718,06-04 16.05.23_crop_trans.jpg,Speed Limit 50
719,06-04 16.05.23_crop_trans_aug.jpg,Speed Limit 50
720,06-04 16.07.21_crop_trans.jpg,Speed Limit 50
721,06-04 16.07.21_crop_trans_aug.jpg,Speed Limit 50
722,06-04 16.13.31_crop_trans.jpg,Speed Limit 50
723,06-04 16.13.31_crop_trans_aug.jpg,Speed Limit 50
724,06-04 16.14.06_crop_trans.jpg,Speed Limit 40
725,06-04 16.14.06_crop_trans_aug.jpg,Speed Limit 40
726,06-04 16.29.21_crop_trans.jpg,Speed Limit 50
727,06-04 16.29.21_crop_trans_aug.jpg,Speed Limit 50
728,06-04 16.33.00_crop_trans.jpg,Speed Limit 50
729,06-04 16.33.00_crop_trans_aug.jpg,Speed Limit 50
730,06-04 16.37.48_crop_trans.jpg,Speed Limit 50
731,06-04 16.37.48_crop_trans_aug.jpg,Speed Limit 50
732,06-04 16.40.59_crop_trans.jpg,Speed Limit 50
733,06-04 16.40.59_crop_trans_aug.jpg,Speed Limit 50
734,06-05 17.37.08_crop_trans.jpg,Speed Limit 30
735,06-05 17.37.08_crop_trans_aug.jpg,Speed Limit 30
736,06-05 17.54.38_crop_trans.jpg,Speed Limit 40
737,06-05 17.54.38_crop_trans_aug.jpg,Speed Limit 40
738,06-07 09.45.07_crop_trans.jpg,Speed Limit 40
739,06-07 09.45.07_crop_trans_aug.jpg,Speed Limit 40
740,06-07 10.19.51_crop_trans.jpg,Speed Limit 30
741,06-07 10.19.51_crop_trans_aug.jpg,Speed Limit 30
742,06-07 10.22.08_crop_trans.jpg,Speed Limit 30
743,06-07 10.22.08_crop_trans_aug.jpg,Speed Limit 30
744,06-07 14.12.09_crop_trans.jpg,Speed Limit 30
745,06-07 14.12.09_crop_trans_aug.jpg,Speed Limit 30
746,06-07 14.18.59_crop_trans.jpg,Speed Limit 30
747,06-07 14.18.59_crop_trans_aug.jpg,Speed Limit 30
748,06-07 14.24.26_crop_trans.jpg,Speed Limit 30
749,06-07 14.24.26_crop_trans_aug.jpg,Speed Limit 30
750,06-07 14.26.47_crop_trans.jpg,Speed Limit 60
751,06-07 14.26.47_crop_trans_aug.jpg,Speed Limit 60
752,06-07 14.29.12_crop_trans.jpg,Speed Limit 60
753,06-07 14.29.12_crop_trans_aug.jpg,Speed Limit 60
754,06-08 10.44.58_crop_trans.jpg,Speed Limit 20
755,06-08 10.44.58_crop_trans_aug.jpg,Speed Limit 20
756,06-11 14.10.18_crop_trans.jpg,Speed Limit 40
757,06-11 14.10.18_crop_trans_aug.jpg,Speed Limit 40
758,06-11 14.12.24_crop_trans.jpg,Speed Limit 40
759,06-11 14.12.24_crop_trans_aug.jpg,Speed Limit 40
760,06-11 14.14.22_crop_trans.jpg,Speed Limit 40
761,06-11 14.14.22_crop_trans_aug.jpg,Speed Limit 40
762,08-08 14.42.20_crop_trans.jpg,Speed Limit 50
763,08-08 14.42.20_crop_trans_aug.jpg,Speed Limit 50
764,08-08 15.45.17_crop_trans.jpg,Speed Limit 80
765,08-08 15.45.17_crop_trans_aug.jpg,Speed Limit 80
766,08-09 11.15.21_crop_trans.jpg,Speed Limit 50
767,08-09 11.15.21_crop_trans_aug.jpg,Speed Limit 50
768,08-10 16.27.23_crop_trans.jpg,Speed Limit 60
769,08-10 16.27.23_crop_trans_aug.jpg,Speed Limit 60
770,08-10 16.33.50_crop_trans.jpg,Speed Limit 60
771,08-10 16.33.50_crop_trans_aug.jpg,Speed Limit 60
772,08-10 17.05.46_crop_trans.jpg,Speed Limit 60
773,08-10 17.05.46_crop_trans_aug.jpg,Speed Limit 60
774,08-11 14.01.58_crop_trans.jpg,Speed Limit 60
775,08-11 14.01.58_crop_trans_aug.jpg,Speed Limit 60
776,08-11 14.18.32_crop_trans.jpg,Speed Limit 60
777,08-11 14.18.32_crop_trans_aug.jpg,Speed Limit 60
778,08-12 08.30.34_crop_trans.jpg,Speed Limit 60
779,08-12 08.30.34_crop_trans_aug.jpg,Speed Limit 60
780,08-12 08.32.20_crop_trans.jpg,Speed Limit 60
781,08-12 08.32.20_crop_trans_aug.jpg,Speed Limit 60
782,08-12 09.05.20_crop_trans.jpg,Speed Limit 50
783,08-12 09.05.20_crop_trans_aug.jpg,Speed Limit 50
784,08-12 09.05.57_crop_trans.jpg,Speed Limit 50
785,08-12 09.05.57_crop_trans_aug.jpg,Speed Limit 50
786,08-12 09.06.38_crop_trans.jpg,Speed Limit 50
787,08-12 09.06.38_crop_trans_aug.jpg,Speed Limit 50
788,08-12 09.34.28_crop_trans.jpg,Speed Limit 50
789,08-12 09.34.28_crop_trans_aug.jpg,Speed Limit 50
790,08-12 09.43.18_crop_trans.jpg,Speed Limit 50
791,08-12 09.43.18_crop_trans_aug.jpg,Speed Limit 50
792,08-12 09.45.25_crop_trans.jpg,Speed Limit 50
793,08-12 09.45.25_crop_trans_aug.jpg,Speed Limit 50
794,08-12 09.45.43_crop_trans.jpg,Speed Limit 50
795,08-12 09.45.43_crop_trans_aug.jpg,Speed Limit 50
796,08-12 09.46.57_crop_trans.jpg,Speed Limit 60
797,08-12 09.46.57_crop_trans_aug.jpg,Speed Limit 60
798,08-12 09.47.17_crop_trans.jpg,Speed Limit 60
799,08-12 09.47.17_crop_trans_aug.jpg,Speed Limit 60
800,08-12 10.02.22_crop_trans.jpg,Speed Limit 50
801,08-12 10.02.22_crop_trans_aug.jpg,Speed Limit 50
802,08-12 10.47.58_crop_trans.jpg,Speed Limit 50
803,08-12 10.47.58_crop_trans_aug.jpg,Speed Limit 50
804,08-13 11.28.25_crop_trans.jpg,Speed Limit 40
805,08-13 11.28.25_crop_trans_aug.jpg,Speed Limit 40
806,08-13 15.55.44_crop_trans.jpg,Speed Limit 80
807,08-13 15.55.44_crop_trans_aug.jpg,Speed Limit 80
808,08-13 16.06.02_crop_trans.jpg,Speed Limit 50
809,08-13 16.06.02_crop_trans_aug.jpg,Speed Limit 50
810,08-13 16.22.32_crop_trans.jpg,Speed Limit 80
811,08-13 16.22.32_crop_trans_aug.jpg,Speed Limit 80
812,08-13 16.29.52_crop_trans.jpg,Speed Limit 80
813,08-13 16.29.52_crop_trans_aug.jpg,Speed Limit 80
814,08-13 16.35.14_crop_trans.jpg,Speed Limit 80
815,08-13 16.35.14_crop_trans_aug.jpg,Speed Limit 80
816,08-13 16.38.11_crop_trans.jpg,Speed Limit 80
817,08-13 16.38.11_crop_trans_aug.jpg,Speed Limit 80
818,08-13 16.45.45_crop_trans.jpg,Speed Limit 80
819,08-13 16.45.45_crop_trans_aug.jpg,Speed Limit 80
820,08-13 16.55.56_crop_trans.jpg,Speed Limit 80
821,08-13 16.55.56_crop_trans_aug.jpg,Speed Limit 80
822,08-13 16.58.26_crop_trans.jpg,Speed Limit 80
823,08-13 16.58.26_crop_trans_aug.jpg,Speed Limit 80
824,08-16 09.56.21_crop_trans.jpg,Speed Limit 50
825,08-16 09.56.21_crop_trans_aug.jpg,Speed Limit 50
826,08-16 10.34.40_crop_trans.jpg,Speed Limit 50
827,08-16 10.34.40_crop_trans_aug.jpg,Speed Limit 50
828,08-16 11.21.51_crop_trans.jpg,Speed Limit 50
829,08-16 11.21.51_crop_trans_aug.jpg,Speed Limit 50
830,08-16 12.00.58_crop_trans.jpg,Speed Limit 50
831,08-16 12.00.58_crop_trans_aug.jpg,Speed Limit 50
832,08-16 12.05.45_crop_trans.jpg,Speed Limit 50
833,08-16 12.05.45_crop_trans_aug.jpg,Speed Limit 50
834,08-16 13.22.37_crop_trans.jpg,Speed Limit 50
835,08-16 13.22.37_crop_trans_aug.jpg,Speed Limit 50
836,08-17 11.14.39_crop_trans.jpg,Speed Limit 50
837,08-17 11.14.39_crop_trans_aug.jpg,Speed Limit 50
838,08-17 12.40.03_crop_trans.jpg,Speed Limit 60
839,08-17 12.40.03_crop_trans_aug.jpg,Speed Limit 60
840,08-17 13.13.17_crop_trans.jpg,Speed Limit 60
841,08-17 13.13.17_crop_trans_aug.jpg,Speed Limit 60
842,08-17 13.15.27_crop_trans.jpg,Speed Limit 50
843,08-17 13.15.27_crop_trans_aug.jpg,Speed Limit 50
844,08-18 13.50.28_crop_trans.jpg,Speed Limit 50
845,08-18 13.50.28_crop_trans_aug.jpg,Speed Limit 50
846,08-18 14.20.57_crop_trans.jpg,Speed Limit 50
847,08-18 14.20.57_crop_trans_aug.jpg,Speed Limit 50
848,08-19 13.03.05_crop_trans.jpg,Speed Limit 50
849,08-19 13.03.05_crop_trans_aug.jpg,Speed Limit 50
850,08-20 10.31.56_crop_trans.jpg,Speed Limit 50
851,08-20 10.31.56_crop_trans_aug.jpg,Speed Limit 50
852,08-20 10.33.52_crop_trans.jpg,Speed Limit 50
853,08-20 10.33.52_crop_trans_aug.jpg,Speed Limit 50
854,08-20 10.44.10_crop_trans.jpg,Speed Limit 50
855,08-20 10.44.10_crop_trans_aug.jpg,Speed Limit 50
856,08-20 10.45.53_crop_trans.jpg,Speed Limit 50
857,08-20 10.45.53_crop_trans_aug.jpg,Speed Limit 50
858,08-22 11.27.22_crop_trans.jpg,Speed Limit 50
859,08-22 11.27.22_crop_trans_aug.jpg,Speed Limit 50
860,08-22 11.30.07_crop_trans.jpg,Speed Limit 50
861,08-22 11.30.07_crop_trans_aug.jpg,Speed Limit 50
862,08-22 11.39.53_crop_trans.jpg,Speed Limit 50
863,08-22 11.39.53_crop_trans_aug.jpg,Speed Limit 50
864,08-22 11.47.47_crop_trans.jpg,Speed Limit 50
865,08-22 11.47.47_crop_trans_aug.jpg,Speed Limit 50
866,08-22 11.50.21_crop_trans.jpg,Speed Limit 50
867,08-22 11.50.21_crop_trans_aug.jpg,Speed Limit 50
868,08-23 10.54.43_crop_trans.jpg,Speed Limit 50
869,08-23 10.54.43_crop_trans_aug.jpg,Speed Limit 50
870,08-23 16.56.33_crop_trans.jpg,Speed Limit 50
871,08-23 16.56.33_crop_trans_aug.jpg,Speed Limit 50
872,08-23 17.12.10_crop_trans.jpg,Speed Limit 50
873,08-23 17.12.10_crop_trans_aug.jpg,Speed Limit 50
874,08-25 11.04.25_crop_trans.jpg,Speed Limit 50
875,08-25 11.04.25_crop_trans_aug.jpg,Speed Limit 50
876,08-25 11.43.15_crop_trans.jpg,Speed Limit 50
877,08-25 11.43.15_crop_trans_aug.jpg,Speed Limit 50
878,08-25 11.43.19_crop_trans.jpg,Speed Limit 50
879,08-25 11.43.19_crop_trans_aug.jpg,Speed Limit 50
880,08-25 15.14.18_crop_trans.jpg,Speed Limit 50
881,08-25 15.14.18_crop_trans_aug.jpg,Speed Limit 50
882,08-25 17.01.32_crop_trans.jpg,Speed Limit 50
883,08-25 17.01.32_crop_trans_aug.jpg,Speed Limit 50
884,08-25 17.54.02_crop_trans.jpg,Speed Limit 50
885,08-25 17.54.02_crop_trans_aug.jpg,Speed Limit 50
886,08-26 12.47.14_crop_trans.jpg,Speed Limit 60
887,08-26 12.47.14_crop_trans_aug.jpg,Speed Limit 60
888,08-26 13.23.39_crop_trans.jpg,Speed Limit 50
889,08-26 13.23.39_crop_trans_aug.jpg,Speed Limit 50
890,08-26 13.33.54_crop_trans.jpg,Speed Limit 50
891,08-26 13.33.54_crop_trans_aug.jpg,Speed Limit 50
892,08-26 13.37.03_crop_trans.jpg,Speed Limit 50
893,08-26 13.37.03_crop_trans_aug.jpg,Speed Limit 50
894,08-26 14.49.26_crop_trans.jpg,Speed Limit 60
895,08-26 14.49.26_crop_trans_aug.jpg,Speed Limit 60
896,08-26 17.14.00_crop_trans.jpg,Speed Limit 50
897,08-26 17.14.00_crop_trans_aug.jpg,Speed Limit 50
898,08-26 17.32.09_crop_trans.jpg,Speed Limit 50
899,08-26 17.32.09_crop_trans_aug.jpg,Speed Limit 50
900,08-26 17.33.42_crop_trans.jpg,Speed Limit 60
901,08-26 17.33.42_crop_trans_aug.jpg,Speed Limit 60
902,08-26 17.51.32_crop_trans.jpg,Speed Limit 60
903,08-26 17.51.32_crop_trans_aug.jpg,Speed Limit 60
904,08-27 10.54.40_crop_trans.jpg,Speed Limit 50
905,08-27 10.54.40_crop_trans_aug.jpg,Speed Limit 50
906,08-27 10.54.59_crop_trans.jpg,Speed Limit 60
907,08-27 10.54.59_crop_trans_aug.jpg,Speed Limit 60
908,08-27 10.55.08_crop_trans.jpg,Speed Limit 50
909,08-27 10.55.08_crop_trans_aug.jpg,Speed Limit 50
910,08-27 10.55.15_crop_trans.jpg,Speed Limit 60
911,08-27 10.55.15_crop_trans_aug.jpg,Speed Limit 60
912,08-27 12.26.19_crop_trans.jpg,Speed Limit 60
913,08-27 12.26.19_crop_trans_aug.jpg,Speed Limit 60
914,08-27 12.26.45_crop_trans.jpg,Speed Limit 60
915,08-27 12.26.45_crop_trans_aug.jpg,Speed Limit 60
916,08-27 12.28.38_crop_trans.jpg,Speed Limit 60
917,08-27 12.28.38_crop_trans_aug.jpg,Speed Limit 60
918,08-27 12.43.40_crop_trans.jpg,Speed Limit 50
919,08-27 12.43.40_crop_trans_aug.jpg,Speed Limit 50
920,08-27 12.48.30_crop_trans.jpg,Speed Limit 50
921,08-27 12.48.30_crop_trans_aug.jpg,Speed Limit 50
922,08-30 10.41.06_crop_trans.jpg,Speed Limit 40
923,08-30 10.41.06_crop_trans_aug.jpg,Speed Limit 40
924,08-30 10.46.06_crop_trans.jpg,Speed Limit 40
925,08-30 10.46.06_crop_trans_aug.jpg,Speed Limit 40
926,08-31 13.41.46_crop_trans.jpg,Speed Limit 60
927,08-31 13.41.46_crop_trans_aug.jpg,Speed Limit 60
928,08-31 13.44.05_crop_trans.jpg,Speed Limit 60
929,08-31 13.44.05_crop_trans_aug.jpg,Speed Limit 60
930,08-31 13.46.15_crop_trans.jpg,Speed Limit 30
931,08-31 13.46.15_crop_trans_aug.jpg,Speed Limit 30
932,08-31 13.51.16_crop_trans.jpg,Speed Limit 60
933,08-31 13.51.16_crop_trans_aug.jpg,Speed Limit 60
